From,To
Data Science,d
Data Science,e
Data Science,g
Data Science,h
Data Science,i
Data Science,n
Data Science,r
Data Science,aa
Data Science,a
Data Science,bb
Data Science,cc
Data Science,dd
Data Science,ee
Data Science,ff
Data Science,gg
Data Science,l
Data Science,m
Data Science,t
Data Science,u
Data Science,v
Data Science,z
Governmental Budgeting,aa
Governmental Budgeting,b
Governmental Budgeting,c
Governmental Budgeting,d
Governmental Budgeting,e
Governmental Budgeting,f
Governmental Budgeting,ff
Governmental Budgeting,g
Governmental Budgeting,h
Governmental Budgeting,i
Governmental Budgeting,j
Governmental Budgeting,k
Governmental Budgeting,l
Governmental Budgeting,m
Governmental Budgeting,n
Governmental Budgeting,p
Governmental Budgeting,q
Governmental Budgeting,r
Governmental Budgeting,s
Governmental Budgeting,t
Governmental Budgeting,u
Governmental Budgeting,v
Governmental Budgeting,y
Local Government,aa
Local Government,b
Local Government,c
Local Government,cc
Local Government,d
Local Government,dd
Local Government,e
Local Government,ee
Local Government,f
Local Government,ff
Local Government,g
Local Government,h
Local Government,i
Local Government,k
Local Government,l
Local Government,m
Local Government,n
Local Government,o
Local Government,p
Local Government,q
Local Government,r
Local Government,v
Local Government,x
Local Government,y
